year,historical_start_year,historical_end_year,historical_rows,historical_catalogue_items,recommendation_rows,unique_items_recommended,catalogue_coverage,gini_exposure,popular_item_catalogue_share,popular_item_exposure_share,exposure_amplification
2003,1996,2002,7655258,5851,8250,2118,0.3619894035207657,0.8240063359556918,0.19996581780892156,0.6578301091612357,3.289712793762727
2005,1996,2004,9805326,8297,8770,2392,0.28829697481017236,0.8627370725785537,0.19995178980354344,0.7573977513031088,3.787901833973414
2007,1996,2006,12699603,9249,10130,2801,0.30284355065412477,0.8630737948018232,0.19991350416261217,0.7037246717972034,3.520145748757347
2009,1996,2008,14840487,10603,10420,2850,0.26879185136282185,0.8838733559762214,0.19994341224181836,0.7018817694523605,3.5104020761808385
2011,1996,2010,16591256,14684,10710,2992,0.20375919368019613,0.9104885472071933,0.19994551893217108,0.790824037517718,3.9551976045334367
2013,1996,2012,18016050,18390,9260,2828,0.15377922784121806,0.9317497327778061,0.2,0.8635183049467664,4.317591524733832
2015,1996,2014,19097888,22446,8890,2849,0.1269268466541923,0.9432073090189786,0.1999910897264546,0.9109948493096347,4.555177185922045
2017,1996,2016,22760493,37846,13170,3278,0.08661417322834646,0.9668472542344233,0.19999471542567246,0.9821670582453703,4.910965053026065
2019,1996,2018,25979503,52588,13510,3417,0.06497680079105499,0.9752530269287512,0.19998859055297785,0.9944825843447305,4.972696600315745
2021,1996,2020,29053129,66750,16100,3759,0.056314606741573035,0.9799779802043236,0.2,0.9975742224440383,4.987871112220191
2023,1996,2022,31206146,79684,13630,3555,0.044613724210632,0.9837032093230887,0.19998996034335625,0.9978760883072944,4.989630912442172
