model,year,timestamp,user_id,item_id,rank,score
SASRec,1999,1999-12-31,208,1663,1,5.161624431610107
SASRec,1999,1999-12-31,208,1674,2,4.936492919921875
SASRec,1999,1999-12-31,208,1954,3,4.77236270904541
SASRec,1999,1999-12-31,208,1961,4,4.75525426864624
SASRec,1999,1999-12-31,208,2001,5,4.654184341430664
SASRec,1999,1999-12-31,208,1960,6,4.370072364807129
SASRec,1999,1999-12-31,208,1965,7,4.310657024383545
SASRec,1999,1999-12-31,208,1962,8,4.252188682556152
SASRec,1999,1999-12-31,208,2000,9,4.2000579833984375
SASRec,1999,1999-12-31,208,1284,10,4.191120624542236
SASRec,1999,1999-12-31,1336,2058,1,6.967885494232178
SASRec,1999,1999-12-31,1336,1866,2,6.393616676330566
SASRec,1999,1999-12-31,1336,1883,3,6.102868556976318
SASRec,1999,1999-12-31,1336,1882,4,6.068729877471924
SASRec,1999,1999-12-31,1336,1894,5,6.014030933380127
SASRec,1999,1999-12-31,1336,1892,6,6.013625621795654
SASRec,1999,1999-12-31,1336,2006,7,5.9595208168029785
SASRec,1999,1999-12-31,1336,2125,8,5.951560020446777
SASRec,1999,1999-12-31,1336,1862,9,5.913314342498779
SASRec,1999,1999-12-31,1336,1911,10,5.856429100036621
SASRec,1999,1999-12-31,2380,2001,1,4.707165718078613
SASRec,1999,1999-12-31,2380,2000,2,4.451046466827393
SASRec,1999,1999-12-31,2380,1721,3,4.21139669418335
SASRec,1999,1999-12-31,2380,316,4,4.200124740600586
SASRec,1999,1999-12-31,2380,1968,5,4.16576623916626
SASRec,1999,1999-12-31,2380,2094,6,4.156764984130859
SASRec,1999,1999-12-31,2380,2046,7,4.088156700134277
SASRec,1999,1999-12-31,2380,1784,8,4.085511207580566
SASRec,1999,1999-12-31,2380,1954,9,4.058310031890869
SASRec,1999,1999-12-31,2380,380,10,4.036087512969971
SASRec,1999,1999-12-31,3845,1597,1,4.707950115203857
SASRec,1999,1999-12-31,3845,1584,2,4.250391960144043
SASRec,1999,1999-12-31,3845,1586,3,4.032390594482422
SASRec,1999,1999-12-31,3845,1721,4,3.9742674827575684
SASRec,1999,1999-12-31,3845,1729,5,3.962956428527832
SASRec,1999,1999-12-31,3845,1641,6,3.9150686264038086
SASRec,1999,1999-12-31,3845,1614,7,3.6491539478302
SASRec,1999,1999-12-31,3845,1485,8,3.5348286628723145
SASRec,1999,1999-12-31,3845,1569,9,3.5219345092773438
SASRec,1999,1999-12-31,3845,1801,10,3.5183839797973633
SASRec,1999,1999-12-31,5402,1597,1,2.773477554321289
SASRec,1999,1999-12-31,5402,1729,2,2.6361868381500244
SASRec,1999,1999-12-31,5402,1569,3,2.5726304054260254
SASRec,1999,1999-12-31,5402,1608,4,2.5014138221740723
SASRec,1999,1999-12-31,5402,1732,5,2.4469103813171387
SASRec,1999,1999-12-31,5402,1721,6,2.384819984436035
SASRec,1999,1999-12-31,5402,1672,7,2.35605525970459
SASRec,1999,1999-12-31,5402,2124,8,2.334319591522217
SASRec,1999,1999-12-31,5402,345,9,2.3319880962371826
SASRec,1999,1999-12-31,5402,1586,10,2.2983415126800537
SASRec,1999,1999-12-31,13656,1663,1,5.277390003204346
SASRec,1999,1999-12-31,13656,1196,2,5.222088813781738
SASRec,1999,1999-12-31,13656,1240,3,5.201019763946533
SASRec,1999,1999-12-31,13656,2001,4,5.015762805938721
SASRec,1999,1999-12-31,13656,2000,5,4.993050575256348
SASRec,1999,1999-12-31,13656,1291,6,4.973517417907715
SASRec,1999,1999-12-31,13656,1954,7,4.941824436187744
SASRec,1999,1999-12-31,13656,1200,8,4.92682409286499
SASRec,1999,1999-12-31,13656,1961,9,4.862161636352539
SASRec,1999,1999-12-31,13656,1965,10,4.6769328117370605
SASRec,1999,1999-12-31,16005,1747,1,3.3058063983917236
SASRec,1999,1999-12-31,16005,1923,2,3.194498062133789
SASRec,1999,1999-12-31,16005,1968,3,3.0861635208129883
SASRec,1999,1999-12-31,16005,1894,4,2.9414591789245605
SASRec,1999,1999-12-31,16005,1939,5,2.8816452026367188
SASRec,1999,1999-12-31,16005,2312,6,2.7946829795837402
SASRec,1999,1999-12-31,16005,898,7,2.7351953983306885
SASRec,1999,1999-12-31,16005,1721,8,2.729304313659668
SASRec,1999,1999-12-31,16005,1951,9,2.6825039386749268
SASRec,1999,1999-12-31,16005,931,10,2.643174886703491
SASRec,1999,1999-12-31,16579,1183,1,4.920594215393066
SASRec,1999,1999-12-31,16579,1120,2,4.43184232711792
SASRec,1999,1999-12-31,16579,1500,3,4.419803142547607
SASRec,1999,1999-12-31,16579,1233,4,4.319198131561279
SASRec,1999,1999-12-31,16579,1584,5,4.270707607269287
SASRec,1999,1999-12-31,16579,1354,6,4.132966041564941
SASRec,1999,1999-12-31,16579,1060,7,3.978621006011963
SASRec,1999,1999-12-31,16579,1175,8,3.9647724628448486
SASRec,1999,1999-12-31,16579,527,9,3.9363656044006348
SASRec,1999,1999-12-31,16579,1704,10,3.8860268592834473
SASRec,1999,1999-12-31,16684,292,1,4.996384620666504
SASRec,1999,1999-12-31,16684,339,2,4.701902389526367
SASRec,1999,1999-12-31,16684,595,3,4.552057266235352
SASRec,1999,1999-12-31,16684,316,4,4.488020896911621
SASRec,1999,1999-12-31,16684,253,5,4.473190784454346
SASRec,1999,1999-12-31,16684,208,6,4.3417487144470215
SASRec,1999,1999-12-31,16684,185,7,4.175538539886475
SASRec,1999,1999-12-31,16684,588,8,3.9795682430267334
SASRec,1999,1999-12-31,16684,1377,9,3.9481239318847656
SASRec,1999,1999-12-31,16684,457,10,3.9266984462738037
SASRec,1999,1999-12-31,17581,1183,1,5.2545270919799805
SASRec,1999,1999-12-31,17581,1500,2,5.177642822265625
SASRec,1999,1999-12-31,17581,1358,3,4.796921253204346
SASRec,1999,1999-12-31,17581,608,4,4.783057689666748
SASRec,1999,1999-12-31,17581,1584,5,4.774510383605957
SASRec,1999,1999-12-31,17581,1357,6,4.736863136291504
SASRec,1999,1999-12-31,17581,1120,7,4.6999616622924805
SASRec,1999,1999-12-31,17581,1485,8,4.689436435699463
SASRec,1999,1999-12-31,17581,1416,9,4.607853412628174
SASRec,1999,1999-12-31,17581,1393,10,4.482669353485107
SASRec,1999,1999-12-31,20306,1591,1,5.1591057777404785
SASRec,1999,1999-12-31,20306,1831,2,5.044740676879883
SASRec,1999,1999-12-31,20306,1676,3,5.019339084625244
SASRec,1999,1999-12-31,20306,1687,4,4.982509613037109
SASRec,1999,1999-12-31,20306,1603,5,4.888488292694092
SASRec,1999,1999-12-31,20306,153,6,4.638460159301758
SASRec,1999,1999-12-31,20306,1665,7,4.589521408081055
SASRec,1999,1999-12-31,20306,1689,8,4.448307514190674
SASRec,1999,1999-12-31,20306,1479,9,4.422839641571045
SASRec,1999,1999-12-31,20306,1690,10,4.412259578704834
SASRec,1999,1999-12-31,22955,2058,1,7.3670244216918945
SASRec,1999,1999-12-31,22955,2006,2,6.689124584197998
SASRec,1999,1999-12-31,22955,2153,3,6.526129245758057
SASRec,1999,1999-12-31,22955,2125,4,6.468238830566406
SASRec,1999,1999-12-31,22955,1892,5,6.4593610763549805
SASRec,1999,1999-12-31,22955,1866,6,6.430559158325195
SASRec,1999,1999-12-31,22955,1882,7,6.393007278442383
SASRec,1999,1999-12-31,22955,1918,8,6.263968467712402
SASRec,1999,1999-12-31,22955,1883,9,6.250466346740723
SASRec,1999,1999-12-31,22955,1911,10,6.007929801940918
SASRec,1999,1999-12-31,23499,1371,1,3.863497734069824
SASRec,1999,1999-12-31,23499,1327,2,3.766871452331543
SASRec,1999,1999-12-31,23499,1377,3,3.74116849899292
SASRec,1999,1999-12-31,23499,1130,4,3.7342379093170166
SASRec,1999,1999-12-31,23499,2054,5,3.5807900428771973
SASRec,1999,1999-12-31,23499,1334,6,3.49922513961792
SASRec,1999,1999-12-31,23499,1342,7,3.4885873794555664
SASRec,1999,1999-12-31,23499,1339,8,3.4856767654418945
SASRec,1999,1999-12-31,23499,1380,9,3.4615535736083984
SASRec,1999,1999-12-31,23499,1389,10,3.3320963382720947
SASRec,1999,1999-12-31,24842,1784,1,4.505127429962158
SASRec,1999,1999-12-31,24842,590,2,3.8917884826660156
SASRec,1999,1999-12-31,24842,1721,3,3.880359172821045
SASRec,1999,1999-12-31,24842,110,4,3.8413662910461426
SASRec,1999,1999-12-31,24842,2001,5,3.701960325241089
SASRec,1999,1999-12-31,24842,1198,6,3.6698861122131348
SASRec,1999,1999-12-31,24842,1704,7,3.6544673442840576
SASRec,1999,1999-12-31,24842,1732,8,3.6191799640655518
SASRec,1999,1999-12-31,24842,2012,9,3.5983471870422363
SASRec,1999,1999-12-31,24842,2002,10,3.5910940170288086
SASRec,1999,1999-12-31,28835,1584,1,4.935937404632568
SASRec,1999,1999-12-31,28835,1608,2,4.8710713386535645
SASRec,1999,1999-12-31,28835,1625,3,4.814945697784424
SASRec,1999,1999-12-31,28835,1485,4,4.703300476074219
SASRec,1999,1999-12-31,28835,1597,5,4.660623550415039
SASRec,1999,1999-12-31,28835,1479,6,4.634399890899658
SASRec,1999,1999-12-31,28835,1586,7,4.422083854675293
SASRec,1999,1999-12-31,28835,1500,8,4.3325042724609375
SASRec,1999,1999-12-31,28835,1747,9,4.215137958526611
SASRec,1999,1999-12-31,28835,1617,10,4.211201190948486
SASRec,1999,1999-12-31,29987,1591,1,4.816266059875488
SASRec,1999,1999-12-31,29987,1676,2,4.777514934539795
SASRec,1999,1999-12-31,29987,1544,3,4.548666477203369
SASRec,1999,1999-12-31,29987,1665,4,4.509193420410156
SASRec,1999,1999-12-31,29987,1485,5,4.404092311859131
SASRec,1999,1999-12-31,29987,1488,6,4.351484298706055
SASRec,1999,1999-12-31,29987,1831,7,4.279348850250244
SASRec,1999,1999-12-31,29987,1616,8,4.2560906410217285
SASRec,1999,1999-12-31,29987,1603,9,4.236710071563721
SASRec,1999,1999-12-31,29987,1689,10,4.195458889007568
SASRec,1999,1999-12-31,30157,1962,1,5.713124752044678
SASRec,1999,1999-12-31,30157,2193,2,5.224189758300781
SASRec,1999,1999-12-31,30157,1957,3,5.1601643562316895
SASRec,1999,1999-12-31,30157,2006,4,5.155782222747803
SASRec,1999,1999-12-31,30157,1956,5,5.082448959350586
SASRec,1999,1999-12-31,30157,2141,6,5.018256664276123
SASRec,1999,1999-12-31,30157,2144,7,4.944786548614502
SASRec,1999,1999-12-31,30157,1958,8,4.910370826721191
SASRec,1999,1999-12-31,30157,2001,9,4.822834491729736
SASRec,1999,1999-12-31,30157,2161,10,4.784491539001465
SASRec,1999,1999-12-31,32722,2078,1,4.884195804595947
SASRec,1999,1999-12-31,32722,2096,2,4.795260429382324
SASRec,1999,1999-12-31,32722,2080,3,4.5535125732421875
SASRec,1999,1999-12-31,32722,2150,4,4.543863296508789
SASRec,1999,1999-12-31,32722,2141,5,4.534212112426758
SASRec,1999,1999-12-31,32722,2085,6,4.511974811553955
SASRec,1999,1999-12-31,32722,2193,7,4.48484468460083
SASRec,1999,1999-12-31,32722,1957,8,4.330601692199707
SASRec,1999,1999-12-31,32722,2161,9,4.304312229156494
SASRec,1999,1999-12-31,32722,1960,10,4.209463596343994
SASRec,1999,1999-12-31,33172,2063,1,7.206552505493164
SASRec,1999,1999-12-31,33172,1880,2,6.993205547332764
SASRec,1999,1999-12-31,33172,1865,3,6.90451717376709
SASRec,1999,1999-12-31,33172,2316,4,6.883217811584473
SASRec,1999,1999-12-31,33172,2328,5,6.869681358337402
SASRec,1999,1999-12-31,33172,2282,6,6.767603874206543
SASRec,1999,1999-12-31,33172,1869,7,6.475557327270508
SASRec,1999,1999-12-31,33172,2338,8,6.466686248779297
SASRec,1999,1999-12-31,33172,2298,9,6.462076663970947
SASRec,1999,1999-12-31,33172,1916,10,6.453650951385498
SASRec,1999,1999-12-31,34367,1214,1,4.761068820953369
SASRec,1999,1999-12-31,34367,1374,2,4.632094860076904
SASRec,1999,1999-12-31,34367,1219,3,4.4601898193359375
SASRec,1999,1999-12-31,34367,1197,4,4.443203449249268
SASRec,1999,1999-12-31,34367,919,5,4.289602756500244
SASRec,1999,1999-12-31,34367,1387,6,4.264811038970947
SASRec,1999,1999-12-31,34367,1097,7,4.21429967880249
SASRec,1999,1999-12-31,34367,1222,8,4.205446720123291
SASRec,1999,1999-12-31,34367,1127,9,4.087382793426514
SASRec,1999,1999-12-31,34367,1193,10,4.028134346008301
SASRec,1999,1999-12-31,38810,1917,1,6.352609634399414
SASRec,1999,1999-12-31,38810,1918,2,6.0096893310546875
SASRec,1999,1999-12-31,38810,1894,3,5.676725387573242
SASRec,1999,1999-12-31,38810,1876,4,5.581112384796143
SASRec,1999,1999-12-31,38810,1866,5,5.491363048553467
SASRec,1999,1999-12-31,38810,1911,6,5.459738254547119
SASRec,1999,1999-12-31,38810,2028,7,5.2241668701171875
SASRec,1999,1999-12-31,38810,1892,8,5.2236785888671875
SASRec,1999,1999-12-31,38810,1923,9,5.103024005889893
SASRec,1999,1999-12-31,38810,1909,10,5.057091236114502
SASRec,1999,1999-12-31,39499,2058,1,4.284873008728027
SASRec,1999,1999-12-31,39499,2116,2,4.173929214477539
SASRec,1999,1999-12-31,39499,2006,3,4.1710944175720215
SASRec,1999,1999-12-31,39499,2144,4,4.125836372375488
SASRec,1999,1999-12-31,39499,2141,5,4.11515474319458
SASRec,1999,1999-12-31,39499,2153,6,4.091906547546387
SASRec,1999,1999-12-31,39499,2406,7,4.084627151489258
SASRec,1999,1999-12-31,39499,2080,8,3.972594738006592
SASRec,1999,1999-12-31,39499,2167,9,3.9509801864624023
SASRec,1999,1999-12-31,39499,2105,10,3.912903308868408
SASRec,1999,1999-12-31,44058,1256,1,5.653079509735107
SASRec,1999,1999-12-31,44058,1267,2,5.594732284545898
SASRec,1999,1999-12-31,44058,1262,3,5.5870585441589355
SASRec,1999,1999-12-31,44058,1284,4,5.547684192657471
SASRec,1999,1999-12-31,44058,1247,5,5.535807132720947
SASRec,1999,1999-12-31,44058,1293,6,5.507807731628418
SASRec,1999,1999-12-31,44058,1292,7,5.472521781921387
SASRec,1999,1999-12-31,44058,1231,8,5.461999893188477
SASRec,1999,1999-12-31,44058,1283,9,5.311424732208252
SASRec,1999,1999-12-31,44058,1185,10,5.284928321838379
SASRec,1999,1999-12-31,45007,910,1,5.420891761779785
SASRec,1999,1999-12-31,45007,1262,2,5.384830474853516
SASRec,1999,1999-12-31,45007,969,3,5.329401969909668
SASRec,1999,1999-12-31,45007,1284,4,5.307277202606201
SASRec,1999,1999-12-31,45007,1247,5,5.282881736755371
SASRec,1999,1999-12-31,45007,1231,6,5.268948554992676
SASRec,1999,1999-12-31,45007,1333,7,5.239944934844971
SASRec,1999,1999-12-31,45007,1267,8,5.232953071594238
SASRec,1999,1999-12-31,45007,1254,9,5.188013553619385
SASRec,1999,1999-12-31,45007,1283,10,5.1326470375061035
SASRec,1999,1999-12-31,46878,880,1,7.323043346405029
SASRec,1999,1999-12-31,46878,88,2,7.26604700088501
SASRec,1999,1999-12-31,46878,852,3,7.061032295227051
SASRec,1999,1999-12-31,46878,799,4,7.006575107574463
SASRec,1999,1999-12-31,46878,748,5,6.83647346496582
SASRec,1999,1999-12-31,46878,640,6,6.826253890991211
SASRec,1999,1999-12-31,46878,839,7,6.763727188110352
SASRec,1999,1999-12-31,46878,761,8,6.7479963302612305
SASRec,1999,1999-12-31,46878,765,9,6.673572063446045
SASRec,1999,1999-12-31,46878,719,10,6.626316070556641
SASRec,1999,1999-12-31,47189,2006,1,4.95151424407959
SASRec,1999,1999-12-31,47189,2000,2,4.636956691741943
SASRec,1999,1999-12-31,47189,2001,3,4.597360134124756
SASRec,1999,1999-12-31,47189,1957,4,4.593475341796875
SASRec,1999,1999-12-31,47189,1663,5,4.5341949462890625
SASRec,1999,1999-12-31,47189,2194,6,4.512744426727295
SASRec,1999,1999-12-31,47189,1958,7,4.407976150512695
SASRec,1999,1999-12-31,47189,2150,8,4.405439376831055
SASRec,1999,1999-12-31,47189,2193,9,4.342245578765869
SASRec,1999,1999-12-31,47189,2081,10,4.329676151275635
SASRec,1999,1999-12-31,48511,1377,1,3.855396270751953
SASRec,1999,1999-12-31,48511,442,2,3.775151014328003
SASRec,1999,1999-12-31,48511,1544,3,3.6502928733825684
SASRec,1999,1999-12-31,48511,1320,4,3.5305333137512207
SASRec,1999,1999-12-31,48511,546,5,3.516054630279541
SASRec,1999,1999-12-31,48511,368,6,3.4146318435668945
SASRec,1999,1999-12-31,48511,196,7,3.266040325164795
SASRec,1999,1999-12-31,48511,1556,8,3.2494263648986816
SASRec,1999,1999-12-31,48511,543,9,3.221376657485962
SASRec,1999,1999-12-31,48511,172,10,3.2130675315856934
SASRec,1999,1999-12-31,49101,150,1,5.354238510131836
SASRec,1999,1999-12-31,49101,1617,2,5.3037638664245605
SASRec,1999,1999-12-31,49101,1721,3,5.234585285186768
SASRec,1999,1999-12-31,49101,590,4,5.21247673034668
SASRec,1999,1999-12-31,49101,380,5,5.000478744506836
SASRec,1999,1999-12-31,49101,527,6,4.784036636352539
SASRec,1999,1999-12-31,49101,1784,7,4.700436592102051
SASRec,1999,1999-12-31,49101,1704,8,4.636126518249512
SASRec,1999,1999-12-31,49101,1625,9,4.581732273101807
SASRec,1999,1999-12-31,49101,1610,10,4.505752086639404
SASRec,1999,1999-12-31,51956,345,1,4.110429763793945
SASRec,1999,1999-12-31,51956,194,2,4.075188636779785
SASRec,1999,1999-12-31,51956,509,3,4.048561096191406
SASRec,1999,1999-12-31,51956,446,4,3.884589910507202
SASRec,1999,1999-12-31,51956,246,5,3.857182025909424
SASRec,1999,1999-12-31,51956,319,6,3.7918002605438232
SASRec,1999,1999-12-31,51956,247,7,3.631601333618164
SASRec,1999,1999-12-31,51956,348,8,3.5518577098846436
SASRec,1999,1999-12-31,51956,534,9,3.4874558448791504
SASRec,1999,1999-12-31,51956,475,10,3.3826310634613037
SASRec,1999,1999-12-31,57314,592,1,5.737616062164307
SASRec,1999,1999-12-31,57314,153,2,4.766511917114258
SASRec,1999,1999-12-31,57314,165,3,4.404741287231445
SASRec,1999,1999-12-31,57314,349,4,4.118871688842773
SASRec,1999,1999-12-31,57314,1608,5,4.024160385131836
SASRec,1999,1999-12-31,57314,1597,6,3.8987526893615723
SASRec,1999,1999-12-31,57314,1580,7,3.8448848724365234
SASRec,1999,1999-12-31,57314,589,8,3.6466622352600098
SASRec,1999,1999-12-31,57314,1584,9,3.641403913497925
SASRec,1999,1999-12-31,57314,344,10,3.6248440742492676
SASRec,1999,1999-12-31,57992,1327,1,4.6565375328063965
SASRec,1999,1999-12-31,57992,1347,2,4.593511581420898
SASRec,1999,1999-12-31,57992,968,3,4.321244239807129
SASRec,1999,1999-12-31,57992,1388,4,4.286549091339111
SASRec,1999,1999-12-31,57992,674,5,4.244877815246582
SASRec,1999,1999-12-31,57992,1130,6,4.228800296783447
SASRec,1999,1999-12-31,57992,1135,7,4.203184127807617
SASRec,1999,1999-12-31,57992,1321,8,4.088529109954834
SASRec,1999,1999-12-31,57992,1334,9,3.980045795440674
SASRec,1999,1999-12-31,57992,1371,10,3.9319915771484375
SASRec,1999,1999-12-31,59169,1663,1,5.1669182777404785
SASRec,1999,1999-12-31,59169,1247,2,4.928329944610596
SASRec,1999,1999-12-31,59169,953,3,4.880500316619873
SASRec,1999,1999-12-31,59169,1193,4,4.8267059326171875
SASRec,1999,1999-12-31,59169,1225,5,4.818233966827393
SASRec,1999,1999-12-31,59169,1303,6,4.805091381072998
SASRec,1999,1999-12-31,59169,910,7,4.803377628326416
SASRec,1999,1999-12-31,59169,1258,8,4.800447463989258
SASRec,1999,1999-12-31,59169,919,9,4.785803318023682
SASRec,1999,1999-12-31,59169,1288,10,4.769583702087402
SASRec,1999,1999-12-31,59657,1784,1,4.2325520515441895
SASRec,1999,1999-12-31,59657,1876,2,4.2292585372924805
SASRec,1999,1999-12-31,59657,296,3,4.225539207458496
SASRec,1999,1999-12-31,59657,1608,4,4.195732116699219
SASRec,1999,1999-12-31,59657,1917,5,4.106600284576416
SASRec,1999,1999-12-31,59657,1918,6,4.1041131019592285
SASRec,1999,1999-12-31,59657,1747,7,3.9276437759399414
SASRec,1999,1999-12-31,59657,590,8,3.7996983528137207
SASRec,1999,1999-12-31,59657,1923,9,3.7982420921325684
SASRec,1999,1999-12-31,59657,2006,10,3.7954630851745605
SASRec,1999,1999-12-31,59763,1603,1,4.689121723175049
SASRec,1999,1999-12-31,59763,1586,2,4.579980850219727
SASRec,1999,1999-12-31,59763,1687,3,4.572663307189941
SASRec,1999,1999-12-31,59763,1876,4,4.486928462982178
SASRec,1999,1999-12-31,59763,1917,5,4.389995574951172
SASRec,1999,1999-12-31,59763,1918,6,4.38435173034668
SASRec,1999,1999-12-31,59763,2012,7,4.343234062194824
SASRec,1999,1999-12-31,59763,1616,8,4.251671314239502
SASRec,1999,1999-12-31,59763,1894,9,4.1995744705200195
SASRec,1999,1999-12-31,59763,1732,10,4.199488162994385
SASRec,1999,1999-12-31,60943,2058,1,7.550545692443848
SASRec,1999,1999-12-31,60943,2125,2,6.978579044342041
SASRec,1999,1999-12-31,60943,1883,3,6.928431987762451
SASRec,1999,1999-12-31,60943,2294,4,6.799994468688965
SASRec,1999,1999-12-31,60943,1892,5,6.799834728240967
SASRec,1999,1999-12-31,60943,2314,6,6.7786736488342285
SASRec,1999,1999-12-31,60943,2153,7,6.602448463439941
SASRec,1999,1999-12-31,60943,2236,8,6.485475540161133
SASRec,1999,1999-12-31,60943,2316,9,6.480422496795654
SASRec,1999,1999-12-31,60943,2338,10,6.429771423339844
SASRec,1999,1999-12-31,62657,380,1,5.0342888832092285
SASRec,1999,1999-12-31,62657,590,2,4.549615859985352
SASRec,1999,1999-12-31,62657,1625,3,4.331883430480957
SASRec,1999,1999-12-31,62657,150,4,4.2640299797058105
SASRec,1999,1999-12-31,62657,1597,5,4.19517183303833
SASRec,1999,1999-12-31,62657,1608,6,4.1880202293396
SASRec,1999,1999-12-31,62657,1732,7,4.113049507141113
SASRec,1999,1999-12-31,62657,1584,8,4.098492622375488
SASRec,1999,1999-12-31,62657,1747,9,3.918288230895996
SASRec,1999,1999-12-31,62657,1586,10,3.8660964965820312
SASRec,1999,1999-12-31,62663,2058,1,7.209705829620361
SASRec,1999,1999-12-31,62663,2316,2,6.687942028045654
SASRec,1999,1999-12-31,62663,2314,3,6.656222343444824
SASRec,1999,1999-12-31,62663,1883,4,6.528660297393799
SASRec,1999,1999-12-31,62663,2338,5,6.366476058959961
SASRec,1999,1999-12-31,62663,2153,6,6.319220542907715
SASRec,1999,1999-12-31,62663,1892,7,6.244141578674316
SASRec,1999,1999-12-31,62663,2320,8,6.191514492034912
SASRec,1999,1999-12-31,62663,2328,9,6.17136287689209
SASRec,1999,1999-12-31,62663,1916,10,6.137195587158203
SASRec,1999,1999-12-31,64632,1617,1,5.4723429679870605
SASRec,1999,1999-12-31,64632,1584,2,5.373414039611816
SASRec,1999,1999-12-31,64632,1625,3,5.361569404602051
SASRec,1999,1999-12-31,64632,1608,4,5.24084997177124
SASRec,1999,1999-12-31,64632,1747,5,5.168848037719727
SASRec,1999,1999-12-31,64632,1597,6,5.070657253265381
SASRec,1999,1999-12-31,64632,1729,7,5.062920570373535
SASRec,1999,1999-12-31,64632,1693,8,4.994437217712402
SASRec,1999,1999-12-31,64632,1641,9,4.842550754547119
SASRec,1999,1999-12-31,64632,1673,10,4.783471584320068
SASRec,1999,1999-12-31,64888,1584,1,5.3670783042907715
SASRec,1999,1999-12-31,64888,1721,2,5.190435409545898
SASRec,1999,1999-12-31,64888,1729,3,4.741331100463867
SASRec,1999,1999-12-31,64888,1586,4,4.710944175720215
SASRec,1999,1999-12-31,64888,1801,5,4.629666805267334
SASRec,1999,1999-12-31,64888,1732,6,4.6202521324157715
SASRec,1999,1999-12-31,64888,1641,7,4.585191249847412
SASRec,1999,1999-12-31,64888,1777,8,4.562360763549805
SASRec,1999,1999-12-31,64888,2012,9,4.498564720153809
SASRec,1999,1999-12-31,64888,1614,10,4.394608020782471
SASRec,1999,1999-12-31,67856,849,1,4.006720066070557
SASRec,1999,1999-12-31,67856,1377,2,3.9581105709075928
SASRec,1999,1999-12-31,67856,1474,3,3.95242977142334
SASRec,1999,1999-12-31,67856,1499,4,3.9083094596862793
SASRec,1999,1999-12-31,67856,1831,5,3.760028123855591
SASRec,1999,1999-12-31,67856,1479,6,3.718571186065674
SASRec,1999,1999-12-31,67856,1562,7,3.700836181640625
SASRec,1999,1999-12-31,67856,798,8,3.6388611793518066
SASRec,1999,1999-12-31,67856,19,9,3.5745110511779785
SASRec,1999,1999-12-31,67856,1556,10,3.5729918479919434
SASRec,1999,1999-12-31,69357,185,1,6.282310485839844
SASRec,1999,1999-12-31,69357,19,2,5.5805983543396
SASRec,1999,1999-12-31,69357,160,3,5.540003776550293
SASRec,1999,1999-12-31,69357,454,4,5.497374057769775
SASRec,1999,1999-12-31,69357,253,5,5.474362373352051
SASRec,1999,1999-12-31,69357,367,6,5.348921775817871
SASRec,1999,1999-12-31,69357,410,7,5.174199104309082
SASRec,1999,1999-12-31,69357,329,8,5.094425201416016
SASRec,1999,1999-12-31,69357,432,9,5.034839153289795
SASRec,1999,1999-12-31,69357,420,10,5.018056869506836
SASRec,1999,1999-12-31,70326,1892,1,5.871914386749268
SASRec,1999,1999-12-31,70326,1837,2,5.761402130126953
SASRec,1999,1999-12-31,70326,2153,3,5.748938083648682
SASRec,1999,1999-12-31,70326,2006,4,5.733170032501221
SASRec,1999,1999-12-31,70326,2125,5,5.479572296142578
SASRec,1999,1999-12-31,70326,2294,6,5.431217193603516
SASRec,1999,1999-12-31,70326,2338,7,5.274487495422363
SASRec,1999,1999-12-31,70326,2321,8,5.242141246795654
SASRec,1999,1999-12-31,70326,1883,9,5.239814758300781
SASRec,1999,1999-12-31,70326,1873,10,5.237240791320801
SASRec,1999,1999-12-31,73644,2006,1,5.58961296081543
SASRec,1999,1999-12-31,73644,1883,2,5.363951206207275
SASRec,1999,1999-12-31,73644,1894,3,5.28189754486084
SASRec,1999,1999-12-31,73644,2125,4,5.2345757484436035
SASRec,1999,1999-12-31,73644,2058,5,5.2262139320373535
SASRec,1999,1999-12-31,73644,1923,6,5.014402389526367
SASRec,1999,1999-12-31,73644,1912,7,4.968221187591553
SASRec,1999,1999-12-31,73644,1917,8,4.965983867645264
SASRec,1999,1999-12-31,73644,1892,9,4.877047538757324
SASRec,1999,1999-12-31,73644,2126,10,4.659626007080078
SASRec,1999,1999-12-31,76194,2058,1,7.398957252502441
SASRec,1999,1999-12-31,76194,1892,2,6.641385555267334
SASRec,1999,1999-12-31,76194,1883,3,6.628190040588379
SASRec,1999,1999-12-31,76194,2125,4,6.303788661956787
SASRec,1999,1999-12-31,76194,1862,5,6.258966445922852
SASRec,1999,1999-12-31,76194,2153,6,6.253995418548584
SASRec,1999,1999-12-31,76194,1837,7,6.208949089050293
SASRec,1999,1999-12-31,76194,2006,8,6.208907127380371
SASRec,1999,1999-12-31,76194,1894,9,6.1794657707214355
SASRec,1999,1999-12-31,76194,2126,10,6.17872428894043
SASRec,1999,1999-12-31,81190,1479,1,4.599296569824219
SASRec,1999,1999-12-31,81190,1676,2,4.45352840423584
SASRec,1999,1999-12-31,81190,1573,3,4.417149543762207
SASRec,1999,1999-12-31,81190,1580,4,4.414830684661865
SASRec,1999,1999-12-31,81190,1597,5,4.388114929199219
SASRec,1999,1999-12-31,81190,1485,6,4.345911026000977
SASRec,1999,1999-12-31,81190,1544,7,4.264103889465332
SASRec,1999,1999-12-31,81190,1527,8,4.251953601837158
SASRec,1999,1999-12-31,81190,1586,9,4.063517093658447
SASRec,1999,1999-12-31,81190,1625,10,3.9411280155181885
SASRec,1999,1999-12-31,82036,1721,1,4.7719244956970215
SASRec,1999,1999-12-31,82036,1584,2,4.47688627243042
SASRec,1999,1999-12-31,82036,1673,3,4.311608791351318
SASRec,1999,1999-12-31,82036,1608,4,4.298026084899902
SASRec,1999,1999-12-31,82036,1625,5,4.22880744934082
SASRec,1999,1999-12-31,82036,1747,6,4.173799991607666
SASRec,1999,1999-12-31,82036,527,7,4.1536335945129395
SASRec,1999,1999-12-31,82036,1614,8,4.104048728942871
SASRec,1999,1999-12-31,82036,1645,9,4.075767517089844
SASRec,1999,1999-12-31,82036,17,10,4.036547660827637
SASRec,1999,1999-12-31,82505,2011,1,5.068784713745117
SASRec,1999,1999-12-31,82505,2003,2,5.04947566986084
SASRec,1999,1999-12-31,82505,2001,3,5.034759998321533
SASRec,1999,1999-12-31,82505,2081,4,4.815429210662842
SASRec,1999,1999-12-31,82505,1968,5,4.681881904602051
SASRec,1999,1999-12-31,82505,2100,6,4.637426376342773
SASRec,1999,1999-12-31,82505,2000,7,4.61635160446167
SASRec,1999,1999-12-31,82505,1954,8,4.592278003692627
SASRec,1999,1999-12-31,82505,2115,9,4.510103702545166
SASRec,1999,1999-12-31,82505,1965,10,4.4922356605529785
SASRec,1999,1999-12-31,85800,1961,1,4.678536415100098
SASRec,1999,1999-12-31,85800,1954,2,4.549421310424805
SASRec,1999,1999-12-31,85800,1997,3,4.507519721984863
SASRec,1999,1999-12-31,85800,1962,4,4.364140033721924
SASRec,1999,1999-12-31,85800,2115,5,4.213503360748291
SASRec,1999,1999-12-31,85800,1240,6,4.100193500518799
SASRec,1999,1999-12-31,85800,2009,7,4.086174964904785
SASRec,1999,1999-12-31,85800,1965,8,4.068847179412842
SASRec,1999,1999-12-31,85800,1957,9,4.0673394203186035
SASRec,1999,1999-12-31,85800,1200,10,4.054355144500732
SASRec,1999,1999-12-31,91129,296,1,4.434595108032227
SASRec,1999,1999-12-31,91129,1196,2,4.296867370605469
SASRec,1999,1999-12-31,91129,50,3,4.274728298187256
SASRec,1999,1999-12-31,91129,260,4,4.253805637359619
SASRec,1999,1999-12-31,91129,47,5,4.193323135375977
SASRec,1999,1999-12-31,91129,1,6,3.899125814437866
SASRec,1999,1999-12-31,91129,2000,7,3.7582249641418457
SASRec,1999,1999-12-31,91129,1617,8,3.7486791610717773
SASRec,1999,1999-12-31,91129,1954,9,3.7448346614837646
SASRec,1999,1999-12-31,91129,1198,10,3.733556032180786
SASRec,1999,1999-12-31,94562,1055,1,6.334176540374756
SASRec,1999,1999-12-31,94562,1479,2,5.920018672943115
SASRec,1999,1999-12-31,94562,1460,3,5.731793403625488
SASRec,1999,1999-12-31,94562,1438,4,5.61942720413208
SASRec,1999,1999-12-31,94562,1468,5,5.613205909729004
SASRec,1999,1999-12-31,94562,1488,6,5.5153303146362305
SASRec,1999,1999-12-31,94562,1665,7,5.257902145385742
SASRec,1999,1999-12-31,94562,1461,8,5.250878810882568
SASRec,1999,1999-12-31,94562,1465,9,5.181894302368164
SASRec,1999,1999-12-31,94562,1464,10,5.145872592926025
SASRec,1999,1999-12-31,95864,2058,1,5.672609806060791
SASRec,1999,1999-12-31,95864,2125,2,5.552354335784912
SASRec,1999,1999-12-31,95864,2006,3,5.506830215454102
SASRec,1999,1999-12-31,95864,1883,4,5.4547624588012695
SASRec,1999,1999-12-31,95864,1892,5,5.132693290710449
SASRec,1999,1999-12-31,95864,1885,6,5.10977840423584
SASRec,1999,1999-12-31,95864,1704,7,5.105919361114502
SASRec,1999,1999-12-31,95864,1617,8,5.102266788482666
SASRec,1999,1999-12-31,95864,1682,9,5.09517765045166
SASRec,1999,1999-12-31,95864,1693,10,5.084599494934082
SASRec,1999,1999-12-31,96700,1479,1,6.535351753234863
SASRec,1999,1999-12-31,96700,1603,2,6.025998115539551
SASRec,1999,1999-12-31,96700,1676,3,5.983564853668213
SASRec,1999,1999-12-31,96700,1591,4,5.978299617767334
SASRec,1999,1999-12-31,96700,1485,5,5.952813148498535
SASRec,1999,1999-12-31,96700,1665,6,5.906527519226074
SASRec,1999,1999-12-31,96700,1584,7,5.770327568054199
SASRec,1999,1999-12-31,96700,1515,8,5.6932759284973145
SASRec,1999,1999-12-31,96700,1055,9,5.5947675704956055
SASRec,1999,1999-12-31,96700,1590,10,5.511338233947754
SASRec,1999,1999-12-31,96831,2118,1,4.295752048492432
SASRec,1999,1999-12-31,96831,2096,2,4.251866340637207
SASRec,1999,1999-12-31,96831,2078,3,4.149696350097656
SASRec,1999,1999-12-31,96831,1956,4,4.101497173309326
SASRec,1999,1999-12-31,96831,2018,5,4.041579246520996
SASRec,1999,1999-12-31,96831,2121,6,3.9901208877563477
SASRec,1999,1999-12-31,96831,2067,7,3.961052894592285
SASRec,1999,1999-12-31,96831,2085,8,3.8925533294677734
SASRec,1999,1999-12-31,96831,2057,9,3.6628122329711914
SASRec,1999,1999-12-31,96831,2137,10,3.5096006393432617
SASRec,1999,1999-12-31,98384,2058,1,6.996526718139648
SASRec,1999,1999-12-31,98384,2314,2,6.864903450012207
SASRec,1999,1999-12-31,98384,2153,3,6.605947017669678
SASRec,1999,1999-12-31,98384,2338,4,6.575239658355713
SASRec,1999,1999-12-31,98384,2236,5,6.567032337188721
SASRec,1999,1999-12-31,98384,2231,6,6.566061019897461
SASRec,1999,1999-12-31,98384,1880,7,6.521646976470947
SASRec,1999,1999-12-31,98384,2328,8,6.458113193511963
SASRec,1999,1999-12-31,98384,2063,9,6.419541358947754
SASRec,1999,1999-12-31,98384,2125,10,6.40345573425293
SASRec,1999,1999-12-31,100670,1917,1,5.670442581176758
SASRec,1999,1999-12-31,100670,1862,2,5.600018501281738
SASRec,1999,1999-12-31,100670,1866,3,5.490326881408691
SASRec,1999,1999-12-31,100670,1894,4,5.439984321594238
SASRec,1999,1999-12-31,100670,2107,5,5.1172709465026855
SASRec,1999,1999-12-31,100670,2060,6,5.017028331756592
SASRec,1999,1999-12-31,100670,2126,7,4.958098888397217
SASRec,1999,1999-12-31,100670,1883,8,4.921024322509766
SASRec,1999,1999-12-31,100670,2196,9,4.882177352905273
SASRec,1999,1999-12-31,100670,2153,10,4.8674468994140625
SASRec,1999,1999-12-31,101974,1258,1,4.988702297210693
SASRec,1999,1999-12-31,101974,1387,2,4.643487453460693
SASRec,1999,1999-12-31,101974,1270,3,4.6100239753723145
SASRec,1999,1999-12-31,101974,2001,4,4.5727338790893555
SASRec,1999,1999-12-31,101974,1954,5,4.5610198974609375
SASRec,1999,1999-12-31,101974,1278,6,4.55639123916626
SASRec,1999,1999-12-31,101974,1663,7,4.496354103088379
SASRec,1999,1999-12-31,101974,1333,8,4.4735565185546875
SASRec,1999,1999-12-31,101974,1997,9,4.467713356018066
SASRec,1999,1999-12-31,101974,1994,10,4.427086353302002
SASRec,1999,1999-12-31,104264,1479,1,5.3080034255981445
SASRec,1999,1999-12-31,104264,1485,2,5.089244365692139
SASRec,1999,1999-12-31,104264,780,3,4.86224889755249
SASRec,1999,1999-12-31,104264,788,4,4.78458833694458
SASRec,1999,1999-12-31,104264,1573,5,4.784139633178711
SASRec,1999,1999-12-31,104264,1527,6,4.731184005737305
SASRec,1999,1999-12-31,104264,786,7,4.638797283172607
SASRec,1999,1999-12-31,104264,494,8,4.540397644042969
SASRec,1999,1999-12-31,104264,1438,9,4.463759422302246
SASRec,1999,1999-12-31,104264,1488,10,4.453581809997559
SASRec,1999,1999-12-31,109983,1918,1,5.875556468963623
SASRec,1999,1999-12-31,109983,1876,2,5.765279293060303
SASRec,1999,1999-12-31,109983,1894,3,5.530853748321533
SASRec,1999,1999-12-31,109983,2006,4,5.527010917663574
SASRec,1999,1999-12-31,109983,2058,5,5.520053863525391
SASRec,1999,1999-12-31,109983,1597,6,5.360027313232422
SASRec,1999,1999-12-31,109983,1693,7,5.239246845245361
SASRec,1999,1999-12-31,109983,1603,8,5.232819080352783
SASRec,1999,1999-12-31,109983,2028,9,5.228992462158203
SASRec,1999,1999-12-31,109983,1883,10,5.219852924346924
SASRec,1999,1999-12-31,116101,1784,1,4.2928385734558105
SASRec,1999,1999-12-31,116101,1641,2,4.061405658721924
SASRec,1999,1999-12-31,116101,1693,3,3.715782880783081
SASRec,1999,1999-12-31,116101,1633,4,3.6811773777008057
SASRec,1999,1999-12-31,116101,1608,5,3.64798903465271
SASRec,1999,1999-12-31,116101,1673,6,3.567279577255249
SASRec,1999,1999-12-31,116101,1682,7,3.567002773284912
SASRec,1999,1999-12-31,116101,1358,8,3.560513734817505
SASRec,1999,1999-12-31,116101,1597,9,3.5017848014831543
SASRec,1999,1999-12-31,116101,1732,10,3.406299352645874
SASRec,1999,1999-12-31,116166,2003,1,3.961660385131836
SASRec,1999,1999-12-31,116166,1994,2,3.791002035140991
SASRec,1999,1999-12-31,116166,1347,3,3.6853513717651367
SASRec,1999,1999-12-31,116166,2054,4,3.601471424102783
SASRec,1999,1999-12-31,116166,1371,5,3.44831919670105
SASRec,1999,1999-12-31,116166,1339,6,3.419511079788208
SASRec,1999,1999-12-31,116166,1320,7,3.4071335792541504
SASRec,1999,1999-12-31,116166,2004,8,3.2425944805145264
SASRec,1999,1999-12-31,116166,1327,9,3.2387075424194336
SASRec,1999,1999-12-31,116166,1387,10,3.2207605838775635
SASRec,1999,1999-12-31,116229,527,1,5.768161773681641
SASRec,1999,1999-12-31,116229,296,2,5.597075462341309
SASRec,1999,1999-12-31,116229,32,3,5.591139793395996
SASRec,1999,1999-12-31,116229,356,4,5.314687728881836
SASRec,1999,1999-12-31,116229,34,5,5.193838119506836
SASRec,1999,1999-12-31,116229,318,6,5.034852504730225
SASRec,1999,1999-12-31,116229,150,7,5.001474380493164
SASRec,1999,1999-12-31,116229,300,8,4.986626625061035
SASRec,1999,1999-12-31,116229,21,9,4.680191993713379
SASRec,1999,1999-12-31,116229,111,10,4.616826057434082
SASRec,1999,1999-12-31,116435,1584,1,4.879709720611572
SASRec,1999,1999-12-31,116435,1573,2,4.698826313018799
SASRec,1999,1999-12-31,116435,1617,3,4.648913860321045
SASRec,1999,1999-12-31,116435,1580,4,4.6040873527526855
SASRec,1999,1999-12-31,116435,1721,5,4.405696868896484
SASRec,1999,1999-12-31,116435,1527,6,4.314342975616455
SASRec,1999,1999-12-31,116435,1784,7,4.2653045654296875
SASRec,1999,1999-12-31,116435,1610,8,4.23223352432251
SASRec,1999,1999-12-31,116435,1608,9,4.154237747192383
SASRec,1999,1999-12-31,116435,1597,10,4.084375858306885
SASRec,1999,1999-12-31,116661,2314,1,7.031184196472168
SASRec,1999,1999-12-31,116661,2338,2,6.707587242126465
SASRec,1999,1999-12-31,116661,2273,3,6.442901134490967
SASRec,1999,1999-12-31,116661,1880,4,6.371988296508789
SASRec,1999,1999-12-31,116661,1869,5,6.269908905029297
SASRec,1999,1999-12-31,116661,2063,6,6.263110637664795
SASRec,1999,1999-12-31,116661,1865,7,6.162853717803955
SASRec,1999,1999-12-31,116661,2060,8,6.160766124725342
SASRec,1999,1999-12-31,116661,2279,9,6.030224800109863
SASRec,1999,1999-12-31,116661,2029,10,5.934586524963379
SASRec,1999,1999-12-31,117593,539,1,3.2733049392700195
SASRec,1999,1999-12-31,117593,1569,2,3.16367769241333
SASRec,1999,1999-12-31,117593,1485,3,3.1052255630493164
SASRec,1999,1999-12-31,117593,1597,4,3.097888469696045
SASRec,1999,1999-12-31,117593,1584,5,3.0186400413513184
SASRec,1999,1999-12-31,117593,474,6,2.999504327774048
SASRec,1999,1999-12-31,117593,1747,7,2.9978291988372803
SASRec,1999,1999-12-31,117593,527,8,2.963380813598633
SASRec,1999,1999-12-31,117593,1608,9,2.958292007446289
SASRec,1999,1999-12-31,117593,587,10,2.8672983646392822
SASRec,1999,1999-12-31,117866,1584,1,5.5053863525390625
SASRec,1999,1999-12-31,117866,1573,2,5.119035243988037
SASRec,1999,1999-12-31,117866,1500,3,5.021706581115723
SASRec,1999,1999-12-31,117866,1617,4,5.02121639251709
SASRec,1999,1999-12-31,117866,1527,5,4.852626323699951
SASRec,1999,1999-12-31,117866,1485,6,4.829612731933594
SASRec,1999,1999-12-31,117866,1625,7,4.762570381164551
SASRec,1999,1999-12-31,117866,1721,8,4.743980407714844
SASRec,1999,1999-12-31,117866,296,9,4.740533351898193
SASRec,1999,1999-12-31,117866,1608,10,4.630198955535889
SASRec,1999,1999-12-31,118708,380,1,4.874799728393555
SASRec,1999,1999-12-31,118708,1597,2,4.737720489501953
SASRec,1999,1999-12-31,118708,2012,3,4.671828269958496
SASRec,1999,1999-12-31,118708,296,4,4.668549537658691
SASRec,1999,1999-12-31,118708,1625,5,4.567782402038574
SASRec,1999,1999-12-31,118708,1721,6,4.345733642578125
SASRec,1999,1999-12-31,118708,1586,7,4.33719539642334
SASRec,1999,1999-12-31,118708,1784,8,4.307294845581055
SASRec,1999,1999-12-31,118708,1573,9,4.288729667663574
SASRec,1999,1999-12-31,118708,1617,10,4.1279988288879395
SASRec,1999,1999-12-31,121626,1333,1,5.356812477111816
SASRec,1999,1999-12-31,121626,1258,2,5.060657501220703
SASRec,1999,1999-12-31,121626,5060,3,4.7764201164245605
SASRec,1999,1999-12-31,121626,1994,4,4.549973487854004
SASRec,1999,1999-12-31,121626,1307,5,4.51401424407959
SASRec,1999,1999-12-31,121626,1997,6,4.508845329284668
SASRec,1999,1999-12-31,121626,1247,7,4.467907428741455
SASRec,1999,1999-12-31,121626,1288,8,4.4314751625061035
SASRec,1999,1999-12-31,121626,1262,9,4.421677589416504
SASRec,1999,1999-12-31,121626,1345,10,4.409270286560059
SASRec,1999,1999-12-31,121741,1584,1,5.569917678833008
SASRec,1999,1999-12-31,121741,1500,2,5.497331142425537
SASRec,1999,1999-12-31,121741,1485,3,5.453298091888428
SASRec,1999,1999-12-31,121741,1464,4,5.399363040924072
SASRec,1999,1999-12-31,121741,1416,5,5.339086055755615
SASRec,1999,1999-12-31,121741,1358,6,5.147796154022217
SASRec,1999,1999-12-31,121741,1479,7,5.0842719078063965
SASRec,1999,1999-12-31,121741,1625,8,4.977373123168945
SASRec,1999,1999-12-31,121741,1589,9,4.9640655517578125
SASRec,1999,1999-12-31,121741,1518,10,4.888650417327881
SASRec,1999,1999-12-31,122016,1991,1,5.165178298950195
SASRec,1999,1999-12-31,122016,1970,2,5.070510387420654
SASRec,1999,1999-12-31,122016,1972,3,5.010786056518555
SASRec,1999,1999-12-31,122016,1971,4,4.945939540863037
SASRec,1999,1999-12-31,122016,2096,5,4.938523292541504
SASRec,1999,1999-12-31,122016,1969,6,4.891216278076172
SASRec,1999,1999-12-31,122016,2003,7,4.889252662658691
SASRec,1999,1999-12-31,122016,1327,8,4.691159725189209
SASRec,1999,1999-12-31,122016,1011,9,4.644423007965088
SASRec,1999,1999-12-31,122016,2088,10,4.5885186195373535
SASRec,1999,1999-12-31,123525,1584,1,4.976301193237305
SASRec,1999,1999-12-31,123525,1608,2,4.689728736877441
SASRec,1999,1999-12-31,123525,1625,3,4.5975260734558105
SASRec,1999,1999-12-31,123525,1597,4,4.586578845977783
SASRec,1999,1999-12-31,123525,1617,5,4.522773265838623
SASRec,1999,1999-12-31,123525,1573,6,4.467230319976807
SASRec,1999,1999-12-31,123525,1747,7,4.34219217300415
SASRec,1999,1999-12-31,123525,1721,8,4.325238227844238
SASRec,1999,1999-12-31,123525,1527,9,4.243823528289795
SASRec,1999,1999-12-31,123525,1485,10,4.1697797775268555
SASRec,1999,1999-12-31,124932,2001,1,4.444754123687744
SASRec,1999,1999-12-31,124932,2011,2,4.419031143188477
SASRec,1999,1999-12-31,124932,1968,3,4.398403644561768
SASRec,1999,1999-12-31,124932,2081,4,4.1763596534729
SASRec,1999,1999-12-31,124932,1663,5,4.126066207885742
SASRec,1999,1999-12-31,124932,2115,6,4.11349630355835
SASRec,1999,1999-12-31,124932,2100,7,3.9731297492980957
SASRec,1999,1999-12-31,124932,2193,8,3.819021224975586
SASRec,1999,1999-12-31,124932,2003,9,3.6667938232421875
SASRec,1999,1999-12-31,124932,2144,10,3.65633225440979
SASRec,1999,1999-12-31,126688,110,1,4.5150227546691895
SASRec,1999,1999-12-31,126688,34,2,4.2193193435668945
SASRec,1999,1999-12-31,126688,1954,3,4.142227649688721
SASRec,1999,1999-12-31,126688,1784,4,3.974419116973877
SASRec,1999,1999-12-31,126688,32,5,3.8872225284576416
SASRec,1999,1999-12-31,126688,1573,6,3.8408241271972656
SASRec,1999,1999-12-31,126688,111,7,3.790985584259033
SASRec,1999,1999-12-31,126688,1527,8,3.664926528930664
SASRec,1999,1999-12-31,126688,1997,9,3.5556137561798096
SASRec,1999,1999-12-31,126688,1580,10,3.5472631454467773
SASRec,1999,1999-12-31,127767,1347,1,4.035787105560303
SASRec,1999,1999-12-31,127767,1327,2,3.924994468688965
SASRec,1999,1999-12-31,127767,1350,3,3.657775402069092
SASRec,1999,1999-12-31,127767,1130,4,3.6189093589782715
SASRec,1999,1999-12-31,127767,1333,5,3.59887433052063
SASRec,1999,1999-12-31,127767,1346,6,3.566761016845703
SASRec,1999,1999-12-31,127767,1018,7,3.3264434337615967
SASRec,1999,1999-12-31,127767,968,8,3.308873176574707
SASRec,1999,1999-12-31,127767,901,9,3.2978994846343994
SASRec,1999,1999-12-31,127767,1321,10,3.2907328605651855
SASRec,1999,1999-12-31,128115,1591,1,4.798505783081055
SASRec,1999,1999-12-31,128115,1690,2,4.553128242492676
SASRec,1999,1999-12-31,128115,1676,3,4.550358295440674
SASRec,1999,1999-12-31,128115,1665,4,4.425642967224121
SASRec,1999,1999-12-31,128115,1831,5,4.413862228393555
SASRec,1999,1999-12-31,128115,1479,6,4.387501239776611
SASRec,1999,1999-12-31,128115,1717,7,4.379227161407471
SASRec,1999,1999-12-31,128115,1603,8,4.362898349761963
SASRec,1999,1999-12-31,128115,2012,9,4.344400882720947
SASRec,1999,1999-12-31,128115,1779,10,4.089404582977295
SASRec,1999,1999-12-31,134227,380,1,7.659605503082275
SASRec,1999,1999-12-31,134227,590,2,7.332272529602051
SASRec,1999,1999-12-31,134227,165,3,7.256686210632324
SASRec,1999,1999-12-31,134227,296,4,7.076038360595703
SASRec,1999,1999-12-31,134227,349,5,6.997838973999023
SASRec,1999,1999-12-31,134227,344,6,6.517719268798828
SASRec,1999,1999-12-31,134227,316,7,6.458362579345703
SASRec,1999,1999-12-31,134227,150,8,6.433297634124756
SASRec,1999,1999-12-31,134227,588,9,6.349808692932129
SASRec,1999,1999-12-31,134227,329,10,6.048207759857178
SASRec,1999,1999-12-31,140018,2058,1,6.986406326293945
SASRec,1999,1999-12-31,140018,1892,2,6.240140914916992
SASRec,1999,1999-12-31,140018,2125,3,6.094003677368164
SASRec,1999,1999-12-31,140018,1866,4,5.9683027267456055
SASRec,1999,1999-12-31,140018,2153,5,5.958380699157715
SASRec,1999,1999-12-31,140018,1894,6,5.648539066314697
SASRec,1999,1999-12-31,140018,1911,7,5.622387886047363
SASRec,1999,1999-12-31,140018,1876,8,5.523320198059082
SASRec,1999,1999-12-31,140018,1888,9,5.49915885925293
SASRec,1999,1999-12-31,140018,1882,10,5.473602294921875
SASRec,1999,1999-12-31,141638,2006,1,5.716697692871094
SASRec,1999,1999-12-31,141638,1982,2,5.511311054229736
SASRec,1999,1999-12-31,141638,1970,3,5.419961929321289
SASRec,1999,1999-12-31,141638,2060,4,5.386013031005859
SASRec,1999,1999-12-31,141638,1995,5,5.375385761260986
SASRec,1999,1999-12-31,141638,2144,6,5.348236083984375
SASRec,1999,1999-12-31,141638,1969,7,5.31340217590332
SASRec,1999,1999-12-31,141638,1962,8,5.307156085968018
SASRec,1999,1999-12-31,141638,1972,9,5.268840789794922
SASRec,1999,1999-12-31,141638,1983,10,5.22883415222168
SASRec,1999,1999-12-31,141812,1784,1,5.158590316772461
SASRec,1999,1999-12-31,141812,1747,2,5.00206184387207
SASRec,1999,1999-12-31,141812,1617,3,4.864075660705566
SASRec,1999,1999-12-31,141812,1732,4,4.7648186683654785
SASRec,1999,1999-12-31,141812,1704,5,4.693361282348633
SASRec,1999,1999-12-31,141812,1721,6,4.643131256103516
SASRec,1999,1999-12-31,141812,1641,7,4.354807376861572
SASRec,1999,1999-12-31,141812,1923,8,4.308131694793701
SASRec,1999,1999-12-31,141812,1894,9,4.303391456604004
SASRec,1999,1999-12-31,141812,1835,10,4.293619155883789
SASRec,1999,1999-12-31,142573,2058,1,7.3694658279418945
SASRec,1999,1999-12-31,142573,2006,2,6.836103439331055
SASRec,1999,1999-12-31,142573,1892,3,6.441999912261963
SASRec,1999,1999-12-31,142573,1883,4,6.323436260223389
SASRec,1999,1999-12-31,142573,1918,5,6.210113525390625
SASRec,1999,1999-12-31,142573,2153,6,6.195374488830566
SASRec,1999,1999-12-31,142573,1894,7,6.092890739440918
SASRec,1999,1999-12-31,142573,1917,8,6.0639448165893555
SASRec,1999,1999-12-31,142573,1882,9,5.911797523498535
SASRec,1999,1999-12-31,142573,1866,10,5.87487268447876
SASRec,1999,1999-12-31,146591,1617,1,4.934169769287109
SASRec,1999,1999-12-31,146591,1608,2,4.863559722900391
SASRec,1999,1999-12-31,146591,1597,3,4.78961181640625
SASRec,1999,1999-12-31,146591,1721,4,4.72188138961792
SASRec,1999,1999-12-31,146591,1918,5,4.641164779663086
SASRec,1999,1999-12-31,146591,1645,6,4.64028263092041
SASRec,1999,1999-12-31,146591,1717,7,4.636728286743164
SASRec,1999,1999-12-31,146591,1704,8,4.633723735809326
SASRec,1999,1999-12-31,146591,2001,9,4.632915496826172
SASRec,1999,1999-12-31,146591,2012,10,4.628801345825195
SASRec,1999,1999-12-31,146876,1591,1,5.284719467163086
SASRec,1999,1999-12-31,146876,1603,2,5.223557949066162
SASRec,1999,1999-12-31,146876,1055,3,4.791698932647705
SASRec,1999,1999-12-31,146876,1590,4,4.706573963165283
SASRec,1999,1999-12-31,146876,1474,5,4.7010297775268555
SASRec,1999,1999-12-31,146876,1665,6,4.6889801025390625
SASRec,1999,1999-12-31,146876,1623,7,4.497604846954346
SASRec,1999,1999-12-31,146876,1488,8,4.473507881164551
SASRec,1999,1999-12-31,146876,1483,9,4.446110725402832
SASRec,1999,1999-12-31,146876,1445,10,4.392875671386719
SASRec,1999,1999-12-31,151111,1196,1,5.858011245727539
SASRec,1999,1999-12-31,151111,1210,2,5.509026050567627
SASRec,1999,1999-12-31,151111,1214,3,5.301030158996582
SASRec,1999,1999-12-31,151111,1198,4,5.256420612335205
SASRec,1999,1999-12-31,151111,1291,5,5.115662097930908
SASRec,1999,1999-12-31,151111,1213,6,4.972417831420898
SASRec,1999,1999-12-31,151111,1374,7,4.904501914978027
SASRec,1999,1999-12-31,151111,1663,8,4.873464584350586
SASRec,1999,1999-12-31,151111,1197,9,4.859940528869629
SASRec,1999,1999-12-31,151111,1307,10,4.820375919342041
SASRec,1999,1999-12-31,154637,2096,1,4.7753586769104
SASRec,1999,1999-12-31,154637,2087,2,4.508209705352783
SASRec,1999,1999-12-31,154637,1958,3,4.494088649749756
SASRec,1999,1999-12-31,154637,2011,4,4.411223888397217
SASRec,1999,1999-12-31,154637,2001,5,4.3978495597839355
SASRec,1999,1999-12-31,154637,1994,6,4.393831729888916
SASRec,1999,1999-12-31,154637,2141,7,4.360681056976318
SASRec,1999,1999-12-31,154637,1663,8,4.359787464141846
SASRec,1999,1999-12-31,154637,2150,9,4.223322868347168
SASRec,1999,1999-12-31,154637,2100,10,4.210238933563232
SASRec,1999,1999-12-31,156977,1917,1,6.28364372253418
SASRec,1999,1999-12-31,156977,1882,2,6.090384006500244
SASRec,1999,1999-12-31,156977,1894,3,5.776611328125
SASRec,1999,1999-12-31,156977,1866,4,5.774900436401367
SASRec,1999,1999-12-31,156977,1918,5,5.722266674041748
SASRec,1999,1999-12-31,156977,1862,6,5.608059406280518
SASRec,1999,1999-12-31,156977,1911,7,5.520245552062988
SASRec,1999,1999-12-31,156977,2006,8,5.48402214050293
SASRec,1999,1999-12-31,156977,1883,9,4.964837551116943
SASRec,1999,1999-12-31,156977,2126,10,4.927422523498535
SASRec,1999,1999-12-31,159985,1965,1,4.950381278991699
SASRec,1999,1999-12-31,159985,1962,2,4.7798614501953125
SASRec,1999,1999-12-31,159985,2100,3,4.751769065856934
SASRec,1999,1999-12-31,159985,2081,4,4.7421183586120605
SASRec,1999,1999-12-31,159985,2150,5,4.73227596282959
SASRec,1999,1999-12-31,159985,2009,6,4.672286033630371
SASRec,1999,1999-12-31,159985,1957,7,4.640587329864502
SASRec,1999,1999-12-31,159985,1958,8,4.617051601409912
SASRec,1999,1999-12-31,159985,2006,9,4.588249206542969
SASRec,1999,1999-12-31,159985,2193,10,4.563821315765381
SASRec,1999,1999-12-31,164315,2006,1,6.355043411254883
SASRec,1999,1999-12-31,164315,2058,2,6.149184226989746
SASRec,1999,1999-12-31,164315,1918,3,6.142662525177002
SASRec,1999,1999-12-31,164315,1894,4,5.839114189147949
SASRec,1999,1999-12-31,164315,1923,5,5.732142448425293
SASRec,1999,1999-12-31,164315,2028,6,5.6789984703063965
SASRec,1999,1999-12-31,164315,1892,7,5.446657657623291
SASRec,1999,1999-12-31,164315,1876,8,5.409170627593994
SASRec,1999,1999-12-31,164315,1911,9,5.363525390625
SASRec,1999,1999-12-31,164315,2125,10,5.339779853820801
SASRec,1999,1999-12-31,164366,2058,1,6.031949520111084
SASRec,1999,1999-12-31,164366,2060,2,5.973771572113037
SASRec,1999,1999-12-31,164366,1866,3,5.835074424743652
SASRec,1999,1999-12-31,164366,1762,4,5.612137317657471
SASRec,1999,1999-12-31,164366,2107,5,5.554594039916992
SASRec,1999,1999-12-31,164366,1918,6,5.464900016784668
SASRec,1999,1999-12-31,164366,1603,7,5.426526069641113
SASRec,1999,1999-12-31,164366,1831,8,5.414732933044434
SASRec,1999,1999-12-31,164366,1623,9,5.409883499145508
SASRec,1999,1999-12-31,164366,1911,10,5.373745918273926
SASRec,1999,1999-12-31,164391,2011,1,4.948714256286621
SASRec,1999,1999-12-31,164391,2003,2,4.739795684814453
SASRec,1999,1999-12-31,164391,2054,3,4.543129920959473
SASRec,1999,1999-12-31,164391,2012,4,4.518124580383301
SASRec,1999,1999-12-31,164391,2001,5,4.509030818939209
SASRec,1999,1999-12-31,164391,2115,6,4.438998222351074
SASRec,1999,1999-12-31,164391,2100,7,4.207104682922363
SASRec,1999,1999-12-31,164391,2081,8,4.203762531280518
SASRec,1999,1999-12-31,164391,2144,9,4.123637676239014
SASRec,1999,1999-12-31,164391,2193,10,4.119602680206299
SASRec,1999,1999-12-31,165166,1617,1,5.222787857055664
SASRec,1999,1999-12-31,165166,1784,2,5.160348892211914
SASRec,1999,1999-12-31,165166,1704,3,4.749909400939941
SASRec,1999,1999-12-31,165166,110,4,4.7215046882629395
SASRec,1999,1999-12-31,165166,457,5,4.660164833068848
SASRec,1999,1999-12-31,165166,50,6,4.603135585784912
SASRec,1999,1999-12-31,165166,589,7,4.4885358810424805
SASRec,1999,1999-12-31,165166,1682,8,4.38641881942749
SASRec,1999,1999-12-31,165166,356,9,4.37312126159668
SASRec,1999,1999-12-31,165166,1961,10,4.353446006774902
SASRec,1999,1999-12-31,169240,1721,1,5.277399063110352
SASRec,1999,1999-12-31,169240,1784,2,5.0256123542785645
SASRec,1999,1999-12-31,169240,2028,3,4.956363677978516
SASRec,1999,1999-12-31,169240,1918,4,4.884138107299805
SASRec,1999,1999-12-31,169240,1917,5,4.733545303344727
SASRec,1999,1999-12-31,169240,1961,6,4.6883087158203125
SASRec,1999,1999-12-31,169240,1923,7,4.629480361938477
SASRec,1999,1999-12-31,169240,1682,8,4.601677417755127
SASRec,1999,1999-12-31,169240,1968,9,4.505645751953125
SASRec,1999,1999-12-31,169240,1876,10,4.489021301269531
SASRec,1999,1999-12-31,170413,1347,1,5.279345512390137
SASRec,1999,1999-12-31,170413,2003,2,5.196985721588135
SASRec,1999,1999-12-31,170413,1327,3,4.867333889007568
SASRec,1999,1999-12-31,170413,1333,4,4.715464115142822
SASRec,1999,1999-12-31,170413,1970,5,4.596366882324219
SASRec,1999,1999-12-31,170413,1135,6,4.563216209411621
SASRec,1999,1999-12-31,170413,1130,7,4.501075267791748
SASRec,1999,1999-12-31,170413,1982,8,4.458754539489746
SASRec,1999,1999-12-31,170413,2080,9,4.435649394989014
SASRec,1999,1999-12-31,170413,1388,10,4.428991317749023
SASRec,1999,1999-12-31,174699,1991,1,5.112389087677002
SASRec,1999,1999-12-31,174699,2096,2,5.034230709075928
SASRec,1999,1999-12-31,174699,2121,3,4.872183799743652
SASRec,1999,1999-12-31,174699,1970,4,4.819903373718262
SASRec,1999,1999-12-31,174699,1972,5,4.749072551727295
SASRec,1999,1999-12-31,174699,1327,6,4.734646797180176
SASRec,1999,1999-12-31,174699,1971,7,4.567105293273926
SASRec,1999,1999-12-31,174699,2080,8,4.488411903381348
SASRec,1999,1999-12-31,174699,1969,9,4.479269027709961
SASRec,1999,1999-12-31,174699,1982,10,4.4639058113098145
SASRec,1999,1999-12-31,176578,2125,1,6.131878852844238
SASRec,1999,1999-12-31,176578,2059,2,5.920934677124023
SASRec,1999,1999-12-31,176578,2060,3,5.913306713104248
SASRec,1999,1999-12-31,176578,2153,4,5.69478178024292
SASRec,1999,1999-12-31,176578,1962,5,5.607512474060059
SASRec,1999,1999-12-31,176578,2236,6,5.529102325439453
SASRec,1999,1999-12-31,176578,1883,7,5.51397705078125
SASRec,1999,1999-12-31,176578,1921,8,5.496850490570068
SASRec,1999,1999-12-31,176578,2279,9,5.484055519104004
SASRec,1999,1999-12-31,176578,2231,10,5.443536281585693
SASRec,1999,1999-12-31,177664,2001,1,5.062876224517822
SASRec,1999,1999-12-31,177664,1663,2,4.990630149841309
SASRec,1999,1999-12-31,177664,2000,3,4.9885454177856445
SASRec,1999,1999-12-31,177664,2011,4,4.949172496795654
SASRec,1999,1999-12-31,177664,1954,5,4.921922206878662
SASRec,1999,1999-12-31,177664,1961,6,4.806520938873291
SASRec,1999,1999-12-31,177664,2081,7,4.793114185333252
SASRec,1999,1999-12-31,177664,1997,8,4.786240100860596
SASRec,1999,1999-12-31,177664,2115,9,4.78303337097168
SASRec,1999,1999-12-31,177664,1968,10,4.774598121643066
SASRec,1999,1999-12-31,180322,1704,1,5.204292297363281
SASRec,1999,1999-12-31,180322,296,2,5.1552863121032715
SASRec,1999,1999-12-31,180322,2028,3,5.10723352432251
SASRec,1999,1999-12-31,180322,1693,4,4.977990627288818
SASRec,1999,1999-12-31,180322,1682,5,4.787259578704834
SASRec,1999,1999-12-31,180322,2006,6,4.712034702301025
SASRec,1999,1999-12-31,180322,1625,7,4.609707355499268
SASRec,1999,1999-12-31,180322,1729,8,4.543684959411621
SASRec,1999,1999-12-31,180322,1883,9,4.526261329650879
SASRec,1999,1999-12-31,180322,1918,10,4.445413589477539
SASRec,1999,1999-12-31,186489,377,1,3.4120492935180664
SASRec,1999,1999-12-31,186489,1036,2,3.3649845123291016
SASRec,1999,1999-12-31,186489,1198,3,3.3244354724884033
SASRec,1999,1999-12-31,186489,539,4,3.322464942932129
SASRec,1999,1999-12-31,186489,457,5,3.3214545249938965
SASRec,1999,1999-12-31,186489,588,6,3.2957327365875244
SASRec,1999,1999-12-31,186489,1214,7,3.289940357208252
SASRec,1999,1999-12-31,186489,592,8,3.2584893703460693
SASRec,1999,1999-12-31,186489,1101,9,3.2521793842315674
SASRec,1999,1999-12-31,186489,587,10,3.1264026165008545
SASRec,1999,1999-12-31,188777,2314,1,6.485793113708496
SASRec,1999,1999-12-31,188777,2063,2,6.381779670715332
SASRec,1999,1999-12-31,188777,2320,3,6.348477363586426
SASRec,1999,1999-12-31,188777,1865,4,6.222980976104736
SASRec,1999,1999-12-31,188777,2190,5,6.183573246002197
SASRec,1999,1999-12-31,188777,1880,6,6.029609680175781
SASRec,1999,1999-12-31,188777,2318,7,6.001345157623291
SASRec,1999,1999-12-31,188777,2231,8,5.965282440185547
SASRec,1999,1999-12-31,188777,2282,9,5.939405918121338
SASRec,1999,1999-12-31,188777,1869,10,5.829657554626465
SASRec,1999,1999-12-31,194012,1333,1,5.367467403411865
SASRec,1999,1999-12-31,194012,1374,2,5.333756446838379
SASRec,1999,1999-12-31,194012,1343,3,5.240951061248779
SASRec,1999,1999-12-31,194012,1370,4,5.222599029541016
SASRec,1999,1999-12-31,194012,1307,5,5.162837028503418
SASRec,1999,1999-12-31,194012,1291,6,5.123189449310303
SASRec,1999,1999-12-31,194012,1258,7,5.106905937194824
SASRec,1999,1999-12-31,194012,1408,8,4.9812541007995605
SASRec,1999,1999-12-31,194012,1285,9,4.556370258331299
SASRec,1999,1999-12-31,194012,5060,10,4.5297627449035645
SASRec,1999,1999-12-31,196519,1968,1,4.858511924743652
SASRec,1999,1999-12-31,196519,2006,2,4.594798564910889
SASRec,1999,1999-12-31,196519,1931,3,4.359464168548584
SASRec,1999,1999-12-31,196519,1953,4,4.3214921951293945
SASRec,1999,1999-12-31,196519,1682,5,4.245567798614502
SASRec,1999,1999-12-31,196519,1945,6,4.173612594604492
SASRec,1999,1999-12-31,196519,1965,7,4.155519008636475
SASRec,1999,1999-12-31,196519,2081,8,4.118494510650635
SASRec,1999,1999-12-31,196519,913,9,4.095306396484375
SASRec,1999,1999-12-31,196519,1284,10,3.9913442134857178
SASRec,1999,1999-12-31,199632,1663,1,5.112327575683594
SASRec,1999,1999-12-31,199632,1962,2,5.021153450012207
SASRec,1999,1999-12-31,199632,1961,3,5.012144088745117
SASRec,1999,1999-12-31,199632,1960,4,4.897660732269287
SASRec,1999,1999-12-31,199632,1954,5,4.893632888793945
SASRec,1999,1999-12-31,199632,1968,6,4.8545074462890625
SASRec,1999,1999-12-31,199632,1957,7,4.820072650909424
SASRec,1999,1999-12-31,199632,1284,8,4.771219730377197
SASRec,1999,1999-12-31,199632,2001,9,4.756425857543945
SASRec,1999,1999-12-31,199632,2150,10,4.737852096557617
SASRec,1999,1999-12-31,199765,1247,1,5.917482852935791
SASRec,1999,1999-12-31,199765,1333,2,5.777287006378174
SASRec,1999,1999-12-31,199765,1258,3,5.620611190795898
SASRec,1999,1999-12-31,199765,953,4,5.545228004455566
SASRec,1999,1999-12-31,199765,1231,5,5.470676422119141
SASRec,1999,1999-12-31,199765,1291,6,5.424981594085693
SASRec,1999,1999-12-31,199765,1022,7,5.3702006340026855
SASRec,1999,1999-12-31,199765,1282,8,5.297306060791016
SASRec,1999,1999-12-31,199765,1246,9,5.2969465255737305
SASRec,1999,1999-12-31,199765,1307,10,5.251815319061279
