year,recommendation_rows,users,mean_score
2009,10420,1042,5.836792285726075
2010,10790,1079,6.024826433705002
2011,10710,1071,6.116912321639217
2012,10240,1024,6.207706027943641
2013,9280,928,6.185537948228162
2014,8550,855,6.196608617961058
2015,8890,889,6.446856553240756
2016,13330,1333,6.86884562704497
2017,13180,1318,7.262292339769227
2018,14870,1487,7.305240541187484
2019,13510,1351,7.47236781303835
2020,14340,1434,7.478070202432417
2021,16110,1611,7.864876922933601
2022,14500,1450,7.8956691436603155
2023,13630,1363,7.885613095051911
