model,year,gini,coverage_pct,popular_exposure_pct,amplification_x
LightGCN,2003,0.998061,1.445,99.304,4.965
LightGCN,2005,0.998517,0.925,99.87,4.992
LightGCN,2007,0.999013,0.418,99.777,4.987
LightGCN,2009,0.999097,0.685,99.455,4.972
LightGCN,2011,0.999354,0.469,99.223,4.961
LightGCN,2013,0.999465,0.285,99.587,4.979
LightGCN,2015,0.999536,0.203,99.269,4.963
LightGCN,2017,0.999687,0.125,99.442,4.972
LightGCN,2019,0.999768,0.137,99.254,4.963
LightGCN,2021,0.999811,0.123,99.49,4.974
LightGCN,2023,0.999841,0.114,99.548,4.977
NeuMF,1999,0.886333,20.318,66.16,3.307
NeuMF,2000,0.831865,40.257,68.86,3.441
NeuMF,2001,0.786602,45.959,64.897,3.243
NeuMF,2002,0.799789,41.125,64.171,3.207
NeuMF,2003,0.820759,36.867,65.468,3.273
NeuMF,2004,0.826363,35.522,65.723,3.286
NeuMF,2005,0.857677,29.893,74.429,3.72
NeuMF,2006,0.855344,31.412,69.551,3.477
NeuMF,2007,0.860633,30.824,69.977,3.498
NeuMF,2008,0.864948,30.392,66.185,3.308
NeuMF,2009,0.881195,27.499,69.531,3.476
NeuMF,2010,0.89259,24.424,74.638,3.732
NeuMF,2011,0.903701,21.921,76.45,3.822
NeuMF,2012,0.906901,20.763,74.825,3.741
NeuMF,2013,0.922274,17.513,81.7,4.085
NeuMF,2014,0.926059,16.232,81.669,4.083
NeuMF,2015,0.932041,15.188,86.006,4.3
NeuMF,2016,0.947196,14.159,90.96,4.547
NeuMF,2017,0.953723,12.09,94.414,4.72
NeuMF,2018,0.961207,10.72,96.414,4.82
NeuMF,2019,0.96511,9.161,97.313,4.866
NeuMF,2020,0.967031,8.834,98.089,4.904
NeuMF,2021,0.970727,8.233,98.577,4.928
NeuMF,2022,0.9734,7.338,98.477,4.924
NeuMF,2023,0.9764,6.461,98.777,4.939
SASRec,1999,0.930003,14.929,30.943,1.546
SASRec,2000,0.896933,30.151,56.683,2.832
SASRec,2001,0.896269,33.54,50.125,2.505
SASRec,2002,0.928354,25.929,42.43,2.12
SASRec,2003,0.947282,20.818,48.219,2.411
SASRec,2004,0.946973,19.226,52.975,2.648
SASRec,2005,0.955237,16.908,55.737,2.786
SASRec,2006,0.961152,15.279,53.433,2.671
SASRec,2007,0.964814,14.053,55.389,2.769
SASRec,2008,0.968604,13.055,64.023,3.2
SASRec,2009,0.984395,8.192,78.218,3.911
SASRec,2010,0.985581,7.471,75.077,3.754
SASRec,2011,0.987841,6.11,79.712,3.985
SASRec,2012,0.988843,6.001,81.482,4.074
SASRec,2013,0.989632,4.936,87.119,4.355
SASRec,2014,0.991575,4.287,80.587,4.029
SASRec,2015,0.989772,4.686,84.921,4.246
SASRec,2016,0.991892,4.424,95.44,4.771
SASRec,2017,0.993745,3.474,95.906,4.795
SASRec,2018,0.993979,3.281,94.67,4.733
SASRec,2019,0.994132,2.92,95.644,4.782
SASRec,2020,0.994853,2.454,97.662,4.883
SASRec,2021,0.995968,2.284,98.37,4.918
SASRec,2022,0.996157,2.084,96.538,4.827
SASRec,2023,0.996184,1.819,97.336,4.867
